Name,Address,Note,Phone,Has Address,Success
"Annanagar view point","No address found","","","Unknown","No"
"Malaikottai","RMHW+CR8, NSB Rd, malaikottai, Tiruchirappalli, Tamil Nadu 620002","","","Yes","Yes"
"Sri Ranganatha Swamy Temple","RMHW+CR8, NSB Rd, malaikottai, Tiruchirappalli, Tamil Nadu 620002","","","Yes","Yes"
"Kallanai Dam","RMHW+CR8, NSB Rd, malaikottai, Tiruchirappalli, Tamil Nadu 620002","","","Yes","Yes"
"Thanjavur Maratha Palace","RMHW+CR8, NSB Rd, malaikottai, Tiruchirappalli, Tamil Nadu 620002","","","Yes","Yes"
"Royal Palace Museum","RMHW+CR8, NSB Rd, malaikottai, Tiruchirappalli, Tamil Nadu 620002","","","Yes","Yes"
"Sri Dari Mutturayaswami Temple","RMHW+CR8, NSB Rd, malaikottai, Tiruchirappalli, Tamil Nadu 620002","","","Yes","Yes"
"Strell mukku","RMHW+CR8, NSB Rd, malaikottai, Tiruchirappalli, Tamil Nadu 620002","","","Yes","Yes"
"Sirimane Falls","RMHW+CR8, NSB Rd, malaikottai, Tiruchirappalli, Tamil Nadu 620002","","","Yes","Yes"
"12°28'21.1""N 78°15'49.1""E","RMHW+CR8, NSB Rd, malaikottai, Tiruchirappalli, Tamil Nadu 620002","","","Yes","Yes"
"Mallappakonda Hills Viewpoint","RMHW+CR8, NSB Rd, malaikottai, Tiruchirappalli, Tamil Nadu 620002","","","Yes","Yes"
"Kadambi Falls","RMHW+CR8, NSB Rd, malaikottai, Tiruchirappalli, Tamil Nadu 620002","","","Yes","Yes"
"Kelagur Estate","RMHW+CR8, NSB Rd, malaikottai, Tiruchirappalli, Tamil Nadu 620002","","","Yes","Yes"
"Sadahalli Granite Quarry","RMHW+CR8, NSB Rd, malaikottai, Tiruchirappalli, Tamil Nadu 620002","","","Yes","Yes"
"Dropped pin","RMHW+CR8, NSB Rd, malaikottai, Tiruchirappalli, Tamil Nadu 620002","","","Yes","Yes"
"Shri Narasimhaswamy Betta","RMHW+CR8, NSB Rd, malaikottai, Tiruchirappalli, Tamil Nadu 620002","","","Yes","Yes"
"Pettimudi view point","RMHW+CR8, NSB Rd, malaikottai, Tiruchirappalli, Tamil Nadu 620002","","","Yes","Yes"
"Tea Museum","RMHW+CR8, NSB Rd, malaikottai, Tiruchirappalli, Tamil Nadu 620002","","","Yes","Yes"
"ST Nayamakad View Point","RMHW+CR8, NSB Rd, malaikottai, Tiruchirappalli, Tamil Nadu 620002","","","Yes","Yes"
"Peelikkunnu View Point","43R8+F23, Kannan Devan Hills, Kerala 685612","","","Yes","Yes"
"Thekkady trekking","43R8+F23, Kannan Devan Hills, Kerala 685612","","","Yes","Yes"
"Tea plantation View point","33F4+GQ, Kannan Devan Hills, Kerala 685612","","","Yes","Yes"
"Pettimudi Hill Top","Kerala 685561","","","Yes","Yes"
"Rani Beach","Kerala 685561","","","Yes","Yes"
"Pearl Harbor","Kerala 685561","","","Yes","Yes"
"Periyar National Park Ticket Office","Kerala 685561","","","Yes","Yes"
"Naalumala starting point","Kerala 685561","","","Yes","Yes"
"Purdal Dam","Kerala 685561","","","Yes","Yes"
"Ghatikallu View point","Kerala 685561","","","Yes","Yes"
"Maidaadi Sunset Viewpoint","Kerala 685561","","","Yes","Yes"
"Maidaadi Gudda - Kanive Viewpoint Dakshina Kannada","Kerala 685561","","","Yes","Yes"
"Kyatanamakki Hill Station","Kerala 685561","","","Yes","Yes"
"Rani Jhari Edge Point","Kerala 685561","","","Yes","Yes"
"Rani Jhari View Point","Kerala 685561","","","Yes","Yes"
"Elanneru Falls","Kerala 685561","","","Yes","Yes"
"Tea Estate, Samse","Kerala 685561","","","Yes","Yes"
"Tadiandamol","Kerala 685561","","","Yes","Yes"
"Savalanga Windmill","Kerala 685561","","","Yes","Yes"
"Urumbikkara Top Point","Kerala 685561","","","Yes","Yes"
"Door of Heaven","Kerala 685561","","","Yes","Yes"
"Bettahalli Shri Lakshminarasimha Swamy Temple","Kerala 685561","","","Yes","Yes"
"Puliyarasi Hill Top","Kerala 685561","","","Yes","Yes"
"Madhugiri Betta","Kerala 685561","","","Yes","Yes"
"Amruthahalli Dam","Kerala 685561","","","Yes","Yes"
"Yercaud Foot Hills","Kerala 685561","","","Yes","Yes"
"Umiam Lake","Kerala 685561","","","Yes","Yes"
"Devarayanadurga Peak Viewpoint","Kerala 685561","","","Yes","Yes"
"Devasthanada Kola","Kerala 685561","","","Yes","Yes"
"Old Watch Tower Viewpoint","Kerala 685561","","","Yes","Yes"
"Devarayanadurga Sunset View Rock Cliff","Kerala 685561","","","Yes","Yes"
"Queen viewpoint","Kerala 685561","","","Yes","Yes"
"Queen Viewpoint","Kerala 685561","","","Yes","Yes"
"Devarayanadurga Lake Viewpoint","Kerala 685561","","","Yes","Yes"
"Mysuru Palace","Kerala 685561","","","Yes","Yes"
"SRS Hills","Kerala 685561","","","Yes","Yes"
"Markandeshwara Betta","Kerala 685561","","","Yes","Yes"
"Shri Krishnagiri Betta,Channapatna","Kerala 685561","","","Yes","Yes"
"Shri Shri Nakoda Avanti 108 Parshwanath Jain Tirth Dham","Kerala 685561","","","Yes","Yes"
"Shri Someshwara Swamy Temple (Kolar).","Kerala 685561","","","Yes","Yes"
"Nandi Betta Sunset Viewpoint 🌄","Kerala 685561","","","Yes","Yes"
"Mavathur Dam","Kerala 685561","","","Yes","Yes"
"Yedamuri Falls","Kerala 685561","","","Yes","Yes"
"Mydala Lake Falls","Kerala 685561","","","Yes","Yes"
"BettaKote Lake","Kerala 685561","","","Yes","Yes"
"Gedee Car Museum","Kerala 685561","","","Yes","Yes"
"Varkala Beach","Kerala 685561","","","Yes","Yes"
"Varkala cliff","Kerala 685561","","","Yes","Yes"
"Chinnamanur","Kerala 685561","","","Yes","Yes"
"Mudumalai","Kerala 685561","","","Yes","Yes"
"Nathageri Hanging Bridge","Kerala 685561","","","Yes","Yes"
"Kanva Backwaters","Kerala 685561","","","Yes","Yes"
"Kanthanpara Waterfalls","Kerala 685561","","","Yes","Yes"
"Thirunelli Sree Maha Vishnu Temple","Kerala 685561","","","Yes","Yes"
"Phantom Rock","Kerala 685561","","","Yes","Yes"
"Vijayanagara Era Shri Vishnugudi Jain Basadi","Kerala 685561","","","Yes","Yes"
"En Ooru","Kerala 685561","","","Yes","Yes"
"900 kandi glass bridge offroad safari","Kerala 685561","","","Yes","Yes"
"Kuvempu Kavi Mane","Kerala 685561","","","Yes","Yes"
"Mahabaleshwar","Kerala 685561","","","Yes","Yes"
"Vaitarna Dam","Kerala 685561","","","Yes","Yes"
"aaro viewpoint (valparai river)","Kerala 685561","","","Yes","Yes"
"Poondi","Kerala 685561","","","Yes","Yes"
"Windmill View Point","Kerala 685561","","","Yes","Yes"
"Mundgod Tibetan Camp","Kerala 685561","","","Yes","Yes"
"Solo Hills","Kerala 685561","","","Yes","Yes"
"Belakal Theertha Falls Viewpoint","Kerala 685561","","","Yes","Yes"
"Belkal Theertha Falls Mudoor","Kerala 685561","","","Yes","Yes"
"Ayyana kere","Kerala 685561","","","Yes","Yes"
"Dadigal dam","Kerala 685561","","","Yes","Yes"
"Lake Eri panchapalli","Kerala 685561","","","Yes","Yes"
"Tilmati Beach","Kerala 685561","","","Yes","Yes"
"Shri Somanatha Swamy Temple","Kerala 685561","","","Yes","Yes"
"Mirjan Fort","Kerala 685561","","","Yes","Yes"
"Karwar Beach","Kerala 685561","","","Yes","Yes"
"Kodi Delta Point","Kerala 685561","","","Yes","Yes"
"Kodi Sea Walk Viewpoint","Kerala 685561","","","Yes","Yes"
"Ottinene sunset view point, byndoor","Kerala 685561","","","Yes","Yes"
"Kollur Sri Mookambika Devi Temple","Kerala 685561","","","Yes","Yes"
"MANGROVE KAYAKING SALIGRAMA","Kerala 685561","","","Yes","Yes"
"Anegudde Sri Vinayaka Temple","Kerala 685561","","","Yes","Yes"
"Shri Kundheshwara Swami Devasthana","Kerala 685561","","","Yes","Yes"
"Jaali Beach","Kerala 685561","","","Yes","Yes"
"Sri Yaganti Uma Maheswara Temple","Kerala 685561","","","Yes","Yes"
"Kodakarai","Kerala 685561","","","Yes","Yes"
"Siddara Betta Hiking start point","Kerala 685561","","","Yes","Yes"
"Vādemalleshwara Gudi Betta Top,Channapatna","Kerala 685561","","","Yes","Yes"
"Meghamalai","Kerala 685561","","","Yes","Yes"
"Elugubanti guhalu (Bear caves)","Kerala 685561","","","Yes","Yes"
"Halu chilume Gangamma Gudi","Kerala 685561","","","Yes","Yes"
"Vaderahalli Lake View Point","Kerala 685561","","","Yes","Yes"
"Sri Venugopalaswamy Temple","Kerala 685561","","","Yes","Yes"
"8°58'24.0""N 77°02'31.4""E","Kerala 685561","","","Yes","Yes"
"Athirappilly Water Falls","Kerala 685561","","","Yes","Yes"
"Shri Nanya Bhairaveshwara Swamy Temple (Bhairapura)","Kerala 685561","","","Yes","Yes"
"Hosahalli Betta","Kerala 685561","","","Yes","Yes"
"Kuthumkal Waterfalls","Kerala 685561","","","Yes","Yes"
"PERUMBANKUTHU WATERFALLS","Kerala 685561","","","Yes","Yes"
"Tea Estate Garden","Kerala 685561","","","Yes","Yes"
"Valparai Tea Plantations","Kerala 685561","","","Yes","Yes"
"Aliyar Dam Top View Point","Kerala 685561","","","Yes","Yes"
"Aliyar Dam View Point","Kerala 685561","","","Yes","Yes"
"Monkey Falls","Kerala 685561","","","Yes","Yes"
"Valparai View Point","Kerala 685561","","","Yes","Yes"
"Nallamudi View point","Kerala 685561","","","Yes","Yes"
"Manchanbele Reservoir Sunrise View Point,Ramanagara.","Kerala 685561","","","Yes","Yes"
"SAGARU HILLS","Kerala 685561","","","Yes","Yes"
"Kalawarabetta Top Point","Kerala 685561","","","Yes","Yes"
"Savanadurga Trek","Kerala 685561","","","Yes","Yes"
"Skandagiri Treking","Kerala 685561","","","Yes","Yes"
"Manchanabele Dam Top Viewpoint","Kerala 685561","","","Yes","Yes"
"Gundamagere Kere","Kerala 685561","","","Yes","Yes"
"Savanadurga Fort","Kerala 685561","","","Yes","Yes"
"Hesaraghatta Lake Viewpoint","Kerala 685561","","","Yes","Yes"
"Conolly's Plot","Kerala 685561","","","Yes","Yes"
"Fontainhas","Kerala 685561","","","Yes","Yes"
"Varkala","Kerala 685561","","","Yes","Yes"
"Venkateshwara blue metal Quarry","Kerala 685561","","","Yes","Yes"
"Anjuruli Thuruthu","Kerala 685561","","","Yes","Yes"
"Thooval Waterfalls","Kerala 685561","","","Yes","Yes"
"KOTTAPARA view point","Kerala 685561","","","Yes","Yes"
"33 Waterfalls Mankulam","Kerala 685561","","","Yes","Yes"
"Mankulam","Kerala 685561","","","Yes","Yes"
"Top Station","Kerala 685561","","","Yes","Yes"
"Silent Valley","Kerala 685561","","","Yes","Yes"
"Thoovanam Waterfalls","Kerala 685561","","","Yes","Yes"
"Irachil Para Water Falls","Kerala 685561","","","Yes","Yes"
"Periya Canal waterfalls","Kerala 685561","","","Yes","Yes"
"Lakkam Waterfalls","Kerala 685561","","","Yes","Yes"
"Lakshmi Estate","Kerala 685561","","","Yes","Yes"
"Bhramaram view Point, Kanthaloor","Kerala 685561","","","Yes","Yes"
"Eravikulam National Park","Kerala 685561","","","Yes","Yes"
"Idukki Dam","Kerala 685561","","","Yes","Yes"
"Anakulam Wild Elephant Village tour - munnarinfo.in","Kerala 685561","","","Yes","Yes"
"Kolukkumalai Top View point","Kerala 685561","","","Yes","Yes"
"Suryanelli Tea Garden View Point","Kerala 685561","","","Yes","Yes"
"Ripple Waterfalls","Kerala 685561","","","Yes","Yes"
"Zipline Suryanelli (400m)","Kerala 685561","","","Yes","Yes"
"Sahasralinga","Kerala 685561","","","Yes","Yes"
"Cheruthoni Dam","Kerala 685561","","","Yes","Yes"
"KARWAR BEACH VIEW POINT","Kerala 685561","","","Yes","Yes"
"Murdeshwar","Kerala 685561","","","Yes","Yes"
"Borra Caves","Kerala 685561","","","Yes","Yes"
"Rushikonda Beach","Kerala 685561","","","Yes","Yes"
"Ramakrishna Beach","Kerala 685561","","","Yes","Yes"
"Silent Valley View","Kerala 685561","","","Yes","Yes"
"Perumal Peak","Kerala 685561","","","Yes","Yes"
"Pambar Water Falls","Kerala 685561","","","Yes","Yes"
"Dolphin Nose Viewpoint","Kerala 685561","","","Yes","Yes"
"Vattakanal","Kerala 685561","","","Yes","Yes"
"Kookal Lake","Kerala 685561","","","Yes","Yes"
"Kookal","Kerala 685561","","","Yes","Yes"
"Mannavanur Lake View Point","Kerala 685561","","","Yes","Yes"
"Poombarai village","Kerala 685561","","","Yes","Yes"
"Devikulam","Kerala 685561","","","Yes","Yes"
"The Pampadum Shola National Park","Kerala 685561","","","Yes","Yes"
"Marayoor Sandalwood Forest","Kerala 685561","","","Yes","Yes"
"Anayirankal dam view point","Kerala 685561","","","Yes","Yes"
"Lockhart Gap Road View Point","Kerala 685561","","","Yes","Yes"
"Lockhart Gap View","Kerala 685561","","","Yes","Yes"
"Chinnakanal Waterfalls","Kerala 685561","","","Yes","Yes"
"Kolukkumalai Tea Estate","Kerala 685561","","","Yes","Yes"
"Vattavada","Kerala 685561","","","Yes","Yes"
"Attukad Waterfalls","Kerala 685561","","","Yes","Yes"
"Devanahalli Fort","Kerala 685561","","","Yes","Yes"
"Wayanadvythiriwievpoint","Kerala 685561","","","Yes","Yes"
"Dropped pin","Kerala 685561","","","Yes","Yes"
"Kudremukh paradise camp(Kurcharakatte)","Kerala 685561","","","Yes","Yes"
"Cauvery Peak","Kerala 685561","","","Yes","Yes"
"Pagoda View Point | Yercaud","Kerala 685561","","","Yes","Yes"
"Karadiyur View Point - Yercaud","Kerala 685561","","","Yes","Yes"
"Glen Field View Point","Kerala 685561","","","Yes","Yes"
"Kote Viewpoint","Kerala 685561","","","Yes","Yes"
"Nirvana Beach","Kerala 685561","","","Yes","Yes"
"Om Beach","Kerala 685561","","","Yes","Yes"
"Apsarkonda Beach","Kerala 685561","","","Yes","Yes"
"Eco Beach","Kerala 685561","","","Yes","Yes"
"Jog Falls","Kerala 685561","","","Yes","Yes"
"Bhadra Dam","Kerala 685561","","","Yes","Yes"
"Shri Chikka Devammana Betta Gudi","Kerala 685561","","","Yes","Yes"
"900 kandi eco park","Kerala 685561","","","Yes","Yes"
"Hulikal Ghat","Kerala 685561","","","Yes","Yes"
"Jenukallu Gudda","Kerala 685561","","","Yes","Yes"
"Kadumane Abbi Falls","Kerala 685561","","","Yes","Yes"
"Shettihalli Rosary Church","Kerala 685561","","","Yes","Yes"
"Pandavara Betta","Kerala 685561","","","Yes","Yes"
"Manjehalli Falls","Kerala 685561","","","Yes","Yes"
"Bettada Byraveshwara Viewpoint","Kerala 685561","","","Yes","Yes"
"Patla Betta Peak","Kerala 685561","","","Yes","Yes"
"Abbe Gundi Falls","Kerala 685561","","","Yes","Yes"
"Balancing rock, Hulagathur","Kerala 685561","","","Yes","Yes"
"Maredumilli","Kerala 685561","","","Yes","Yes"
"ARAKU VALLEY","Kerala 685561","","","Yes","Yes"
"Namma Aruvi falls","Kerala 685561","","","Yes","Yes"
"PulianCholai View tower","Kerala 685561","","","Yes","Yes"
"Aagaya Gangai Falls - Kollimalai","Kerala 685561","","","Yes","Yes"
"Puliancholai","Kerala 685561","","","Yes","Yes"
"Maasila Falls","Kerala 685561","","","Yes","Yes"
"The Last Upwan","Kerala 685561","","","Yes","Yes"
"Motoverse Ground","Kerala 685561","","","Yes","Yes"
"Keni Beach","Kerala 685561","","","Yes","Yes"
"Kunkeshwar","Kerala 685561","","","Yes","Yes"
"Oho beach","Kerala 685561","","","Yes","Yes"
"Dimbam Hairpin bend- 8/27","Kerala 685561","","","Yes","Yes"
"DHIMBAM VIEW POINT","Kerala 685561","","","Yes","Yes"
"DHIMBAM - SATHYAMANGALAM HAIR PIN BEND ROAD","Kerala 685561","","","Yes","Yes"
"Nagala Muddhamma temple","Kerala 685561","","","Yes","Yes"
"Samse","Kerala 685561","","","Yes","Yes"
"Pangi valley","Kerala 685561","","","Yes","Yes"
"Malayur view point","Kerala 685561","","","Yes","Yes"
"Malaiyur","Kerala 685561","","","Yes","Yes"
"Kotilingeshwara Temple","Kerala 685561","","","Yes","Yes"
"KRS Backwaters, Meenakshipura","Kerala 685561","","","Yes","Yes"
"Padukere Beach","Kerala 685561","","","Yes","Yes"
"Sunflower fields Gundlupete","Kerala 685561","","","Yes","Yes"
"Assi Ghat Varanasi","Kerala 685561","","","Yes","Yes"
"Varanasi","Kerala 685561","","","Yes","Yes"
"Vagamon Off road, Sightseeing Jeep Safari","Kerala 685561","","","Yes","Yes"
"Varattumedu, Vagamon","Kerala 685561","","","Yes","Yes"
"Mookanamane Abbi Falls","Kerala 685561","","","Yes","Yes"
"Patla betta","Kerala 685561","","","Yes","Yes"
"Mankanahalli Ridge Point","Kerala 685561","","","Yes","Yes"
"Main View Point","Kerala 685561","","","Yes","Yes"
"Parvadhamalai Hills","Kerala 685561","","","Yes","Yes"
"Mahendragiri","Kerala 685561","","","Yes","Yes"
"Mahendragiri","Kerala 685561","","","Yes","Yes"
"Dropped pin","Kerala 685561","","","Yes","Yes"
"Haluvagilu Waterfalls","Kerala 685561","","","Yes","Yes"
"Cherrapunji","Kerala 685561","","","Yes","Yes"
"Mattighatta Falls","Kerala 685561","","","Yes","Yes"
"Chikka Devaraya Sagara Dam","Kerala 685561","","","Yes","Yes"
"Panchatheertha Parashakthi Devasthaanam","Kerala 685561","","","Yes","Yes"
"Sri Keshavanatheshwara Temple Moodgal Keradi","Kerala 685561","","","Yes","Yes"
"Kumbhe Waterfall","Kerala 685561","","","Yes","Yes"
"Linganamakki dam","Kerala 685561","","","Yes","Yes"
"Kere Thoondanur","Kerala 685561","","","Yes","Yes"
"Thondanoor","Kerala 685561","","","Yes","Yes"
"Gundal Dam","Kerala 685561","","","Yes","Yes"
"Mekedatu","Kerala 685561","","","Yes","Yes"
"Akkayamma Betta","Kerala 685561","","","Yes","Yes"
"Talakadu Kaveri River","Kerala 685561","","","Yes","Yes"
"Namdroling Monastery Golden Temple","Kerala 685561","","","Yes","Yes"
"Shravanbela Gola (Rural)","Kerala 685561","","","Yes","Yes"
"Munnar Tea Garden View Point","Kerala 685561","","","Yes","Yes"
"Nrityagram","Kerala 685561","","","Yes","Yes"
"Goruru Hemavathi Reservoir","Kerala 685561","","","Yes","Yes"
"Valparai","Kerala 685561","","","Yes","Yes"
"Ancient Hoysala Talakadu Shri Keerthinarayana Swamy Temple","Kerala 685561","","","Yes","Yes"
"Isha Foundation Chikkaballapura","Kerala 685561","","","Yes","Yes"
"Elephant Watch Tower, Samieri","Kerala 685561","","","Yes","Yes"
"Elephant view point","Kerala 685561","","","Yes","Yes"
"Himavad Gopalaswamy Temple","Kerala 685561","","","Yes","Yes"
"Kondaveedu Fort","Kerala 685561","","","Yes","Yes"
"Shri Shani Devara Gudi (Bramhagiri Betta)","Kerala 685561","","","Yes","Yes"
"Nandi One Trek Start Point (Long Route)","Kerala 685561","","","Yes","Yes"
"Avalahalli Forest","Kerala 685561","","","Yes","Yes"
"Kaginahare","Kerala 685561","","","Yes","Yes"
"Hosahalli Gudda Shooting point ಹೊಸಳ್ಳಿ ಗುಡ್ಡ","Kerala 685561","","","Yes","Yes"
"Kaginahare Viewpoint","Kerala 685561","","","Yes","Yes"
"Ermayi waterfalls","Kerala 685561","","","Yes","Yes"
"Guddada Rangaswamy Betta","Kerala 685561","","","Yes","Yes"
"Agni sub peak/Pradip Vani hill","Kerala 685561","","","Yes","Yes"
"Hemavathi backwaters","Kerala 685561","","","Yes","Yes"
"Jayamangali Blackbuck Conservation Reserve","Kerala 685561","","","Yes","Yes"
"14°34'12.0""N 77°07'37.1""E","Kerala 685561","","","Yes","Yes"
"Sunset chasers 1","Kerala 685561","","","Yes","Yes"
"Dandiganahalli Dam","Kerala 685561","","","Yes","Yes"
"Kanchibail waterfall","Kerala 685561","","","Yes","Yes"
"12°25'29.7""N 76°27'51.3""E","Kerala 685561","","","Yes","Yes"
"Bird's eye viewpoint","Kerala 685561","","","Yes","Yes"
"Male Mahadeshwara Hills","Kerala 685561","","","Yes","Yes"
"Hessarghatta grasslands","Kerala 685561","","","Yes","Yes"
"Chokramudi Peak","Kerala 685561","","","Yes","Yes"
"Bumla Pass","Kerala 685561","","","Yes","Yes"
"Baradi Betta","Kerala 685561","","","Yes","Yes"
"Sunset Point","Kerala 685561","","","Yes","Yes"
"Cloudfarm sunrise view point","Kerala 685561","","","Yes","Yes"
"Sunset Point, Kanyakumari","Kerala 685561","","","Yes","Yes"
"Ghanchakkar","Kerala 685561","","","Yes","Yes"
"Muzhappilangad Drive In Beach","Kerala 685561","","","Yes","Yes"
"Watch Tower","Kerala 685561","","","Yes","Yes"
"NAALU MALA (VIEW POINT)","Kerala 685561","","","Yes","Yes"
"Spot","Kerala 685561","","","Yes","Yes"
"Kolli Hills","Kerala 685561","","","Yes","Yes"
"Arulmigu Chennaraya Swamy Temple","Kerala 685561","","","Yes","Yes"
"Sithankuttai dam view point","Kerala 685561","","","Yes","Yes"
"MM Hills Road Hairpin Bend- 5/27","Kerala 685561","","","Yes","Yes"
"Mordhana Dam","Kerala 685561","","","Yes","Yes"
"Dropped pin","Kerala 685561","","","Yes","Yes"
"Lavnish's spot","Kerala 685561","","","Yes","Yes"
"Sagarakatte-Mulepetlu KRS backwaters","Kerala 685561","","","Yes","Yes"
"Dharmasthala","Kerala 685561","","","Yes","Yes"
"KRS North Back Water","Kerala 685561","","","Yes","Yes"
"Camp @ Bettathur / Orbit Adventure, Coorg","Kerala 685561","","","Yes","Yes"
"Abbey Waterfall","Kerala 685561","","","Yes","Yes"
"Kshitija Nesara Dhama, Byndoor","Kerala 685561","","","Yes","Yes"
"Sri Gopalswamy Temple","Kerala 685561","","","Yes","Yes"
"Thattekere Lake Viewpoint","Kerala 685561","","","Yes","Yes"
"Mallayyakonda Temple","Kerala 685561","","","Yes","Yes"
"Aakasha Gange Hill Top","Kerala 685561","","","Yes","Yes"
"Bhavanisagar Dam View Point(2/27)","Kerala 685561","","","Yes","Yes"
"Erode","Kerala 685561","","","Yes","Yes"
"Kurudumale Ganesha Temple","Kerala 685561","","","Yes","Yes"
"Blue flag beach Padubidri","Kerala 685561","","","Yes","Yes"
"Payana Car Museum","Kerala 685561","","","Yes","Yes"
"Sunset point","Kerala 685561","","","Yes","Yes"
"Kanwathirtha Beach","Kerala 685561","","","Yes","Yes"
"Manjeshwar Sea Walk","Kerala 685561","","","Yes","Yes"
"Maravanthe Beach","Kerala 685561","","","Yes","Yes"
"Maravanthe","Kerala 685561","","","Yes","Yes"
"Karkala","Kerala 685561","","","Yes","Yes"
"Mudbidri","Kerala 685561","","","Yes","Yes"
"Malpe Sea Walk","Kerala 685561","","","Yes","Yes"
"Sea Walk Park Malpe","Kerala 685561","","","Yes","Yes"
"Adiyogi Shiva Statue Chikkaballapur","Kerala 685561","","","Yes","Yes"
"BhavaniSagar Dam","Kerala 685561","","","Yes","Yes"
"Panchapalli Dam","Kerala 685561","","","Yes","Yes"
"Sri Narayana Swamy Betta","Kerala 685561","","","Yes","Yes"
"Sandakphu","Kerala 685561","","","Yes","Yes"
"Illikkal Kallu","Kerala 685561","","","Yes","Yes"
"Bekal Fort","Kerala 685561","","","Yes","Yes"
"Surathkal Beach","Kerala 685561","","","Yes","Yes"
"Panambur Beach","Kerala 685561","","","Yes","Yes"
"Tannirbhavi Beach","Kerala 685561","","","Yes","Yes"
"Kudroli Shri Gokarnanatheshwara Kshetra","Kerala 685561","","","Yes","Yes"
"Hegde","Kerala 685561","","","Yes","Yes"
"Haladi River Bridge","Kerala 685561","","","Yes","Yes"
"Dropped pin","Kerala 685561","","","Yes","Yes"
"Lake view point","Kerala 685561","","","Yes","Yes"
"Bamboo Forest Trail Parking","Kerala 685561","","","Yes","Yes"
"Kudure mukha National Park","Kerala 685561","","","Yes","Yes"
"Anekere Lake","Kerala 685561","","","Yes","Yes"
"Kudremukha National Park","Kerala 685561","","","Yes","Yes"
"Kudremukha Betta Viewpoint","Kerala 685561","","","Yes","Yes"
"Charmadi Rock waterfalls","Kerala 685561","","","Yes","Yes"
"Mattu Beach","Kerala 685561","","","Yes","Yes"
"Devaramane Betta","Kerala 685561","","","Yes","Yes"
"EDEN BEACH","Kerala 685561","","","Yes","Yes"
"Sunset view point lake","Kerala 685561","","","Yes","Yes"
"Arkavati pump house","Kerala 685561","","","Yes","Yes"
"13°53'50.5""N 76°28'45.1""E","Kerala 685561","","","Yes","Yes"
"Vani vilasa sagara back water","Kerala 685561","","","Yes","Yes"
"SH 104","Kerala 685561","","","Yes","Yes"
"Sulthan Battheri","Kerala 685561","","","Yes","Yes"
"KENJAR MX","Kerala 685561","","","Yes","Yes"
"Dambel River Side","Kerala 685561","","","Yes","Yes"
"Udupi Shri Krishna Matha","Kerala 685561","","","Yes","Yes"
"Kapu Beach","Kerala 685561","","","Yes","Yes"
"Kodi Beach","Kerala 685561","","","Yes","Yes"
"Denkanikottai","Kerala 685561","","","Yes","Yes"
"Puducherry","Kerala 685561","","","Yes","Yes"
"Tribal Adventure","Kerala 685561","","","Yes","Yes"
"Vagamon","Kerala 685561","","","Yes","Yes"
"Ettina Bhuja","Kerala 685561","","","Yes","Yes"
"Vatadahosahalli Lake","Kerala 685561","","","Yes","Yes"
"Idukki","Kerala 685561","","","Yes","Yes"
"Kanthalloor","Kerala 685561","","","Yes","Yes"
"Netravati Peak & Kallusanka Trek","Kerala 685561","","","Yes","Yes"
"Dam and Tunnel View","Kerala 685561","","","Yes","Yes"
"Tungabhadraa Dam Lighthouse Viewpoint","Kerala 685561","","","Yes","Yes"
"Tungabhadra Backwaters","Kerala 685561","","","Yes","Yes"
"Udupi","Kerala 685561","","","Yes","Yes"
"Malpe Beach","Kerala 685561","","","Yes","Yes"
"Pulivendula Rd","Kerala 685561","","","Yes","Yes"
"Shri Bettada Bhairaveshwara Swamy Temple","Kerala 685561","","","Yes","Yes"
"Kukke subramanya swami Temple Main road","Kerala 685561","","","Yes","Yes"
"Bisile Ghat View Point","Kerala 685561","","","Yes","Yes"
"Hemavathi Bridge","Kerala 685561","","","Yes","Yes"
"Kundapura","Kerala 685561","","","Yes","Yes"
"SHRI DHABBAGULI BASAVESHWARA SWAMI (kaveri river)","Kerala 685561","","","Yes","Yes"
"Manchanabele Falls","Kerala 685561","","","Yes","Yes"
"Yathirajaswamy Betta Hiking Point (kote betta)","Kerala 685561","","","Yes","Yes"
"Red Hills","Kerala 685561","","","Yes","Yes"
"Sri Male Mahadeshwara Swamy Devasthana","Kerala 685561","","","Yes","Yes"
"Shivagange","Kerala 685561","","","Yes","Yes"
"Hogenakkal","Kerala 685561","","","Yes","Yes"
"Mettur Dam View Point.","Kerala 685561","","","Yes","Yes"
"Elephant Corridor - யானை வழித்தடம்","Kerala 685561","","","Yes","Yes"
"Forest Range Office Pennagaram,tamilnadu","Kerala 685561","","","Yes","Yes"
"Kemmangundi Peak","Kerala 685561","","","Yes","Yes"
"Ballalarayana Durga Fort","Kerala 685561","","","Yes","Yes"
"Kalasa","Kerala 685561","","","Yes","Yes"
"Jhari water falls path","Kerala 685561","","","Yes","Yes"
"Z Point","Kerala 685561","","","Yes","Yes"
"Manjarabad Fort Sakleshpura","Kerala 685561","","","Yes","Yes"
"Markonahalli Dam","Kerala 685561","","","Yes","Yes"
"Antaragange Cave And Water","Kerala 685561","","","Yes","Yes"
"Sabbanahalli Picnic point","Kerala 685561","","","Yes","Yes"
"Aagaya Gangai water falls","Kerala 685561","","","Yes","Yes"
"Krishnagiri Dam","Kerala 685561","","","Yes","Yes"
"Somwarpet","Kerala 685561","","","Yes","Yes"
"Jawadhu Hills","Kerala 685561","","","Yes","Yes"
"Meesapulimala","Kerala 685561","","","Yes","Yes"
"Shivanasamudra Falls","Kerala 685561","","","Yes","Yes"
"Mydala lake , channel","Kerala 685561","","","Yes","Yes"
"Pyramid Valley International","Kerala 685561","","","Yes","Yes"
"Raamadevara Betta Top View","Kerala 685561","","","Yes","Yes"
"Murdeshwar Temple","Kerala 685561","","","Yes","Yes"
"Sakleshpura","Kerala 685561","","","Yes","Yes"
"Munnar","Kerala 685561","","","Yes","Yes"
"Kootagallu Thimmappana Betta","Kerala 685561","","","Yes","Yes"
"Shivamogga","Kerala 685561","","","Yes","Yes"
"Makalidurga Fort","Kerala 685561","","","Yes","Yes"
"Muthathi","Kerala 685561","","","Yes","Yes"
"Kunti Betta","Kerala 685561","","","Yes","Yes"
"Masinagudi","Kerala 685561","","","Yes","Yes"
"Gokarna","Kerala 685561","","","Yes","Yes"
"Charmadi Ghat","Kerala 685561","","","Yes","Yes"
"Hampi","Kerala 685561","","","Yes","Yes"
"Chitradurga","Kerala 685561","","","Yes","Yes"
"Kudremukh","Kerala 685561","","","Yes","Yes"
"Kodachadri","Kerala 685561","","","Yes","Yes"
"Coorg","Kerala 685561","","","Yes","Yes"
"Kodaikanal","Kerala 685561","","","Yes","Yes"
"Devaramane","Kerala 685561","","","Yes","Yes"
"Chikkamagaluru","Kerala 685561","","","Yes","Yes"
"Kanniyakumari","Kerala 685561","","","Yes","Yes"
"Dhanushkodi","Kerala 685561","","","Yes","Yes"
"Kyatanamakki hills Station","Kerala 685561","","","Yes","Yes"
"Chamundi Hill","Kerala 685561","","","Yes","Yes"
"Bolumalai Fort","Kerala 685561","","","Yes","Yes"
"Bisle Ghat","Kerala 685561","","","Yes","Yes"
"Sri Sringeri Shankara Mata","Kerala 685561","","","Yes","Yes"
"Mallalli Waterfalls","Kerala 685561","","","Yes","Yes"
"Harangi Dam","Kerala 685561","","","Yes","Yes"
"Netravati peak view","Kerala 685561","","","Yes","Yes"
"Yettinamane Gulaganji Gudda Dam (Kanva River)","Kerala 685561","","","Yes","Yes"
"Sri Narayanagiri Gudi","Kerala 685561","","","Yes","Yes"
"Sunset View Point Manchanabele","Kerala 685561","","","Yes","Yes"
"Kaiwara Kempegowda fort","Kerala 685561","","","Yes","Yes"
"Balamuri Falls","Kerala 685561","","","Yes","Yes"
"Back water","Kerala 685561","","","Yes","Yes"
"Arkavati Backwater Viewpoint","Kerala 685561","","","Yes","Yes"
"Kaiwara Hill","Kerala 685561","","","Yes","Yes"
"Chunchi Falls","Kerala 685561","","","Yes","Yes"
"Noolahalli Reddihalli Hill View Point","Kerala 685561","","","Yes","Yes"
"Vathalmalai","Kerala 685561","","","Yes","Yes"
"Nellarachal","Kerala 685561","","","Yes","Yes"
"Muninagara Dam","Kerala 685561","","","Yes","Yes"
"Thalavadi Betta Fort","Kerala 685561","","","Yes","Yes"
"Yelagiri Hill View Point","Kerala 685561","","","Yes","Yes"
"Madheshvara Temple","Kerala 685561","","","Yes","Yes"
"Vani Vilasa Sagara Dam","Kerala 685561","","","Yes","Yes"
"Ancient Shri Panchalingeshwara Swamy Temple","Kerala 685561","","","Yes","Yes"
"Bamboo Forest","Kerala 685561","","","Yes","Yes"
"Hesaraghatta Rocks- Bheemana Hejje","Kerala 685561","","","Yes","Yes"
"Hesargatta Ashoka Trees Avenue","Kerala 685561","","","Yes","Yes"
"Bheemeshwari Picnic Spot","Kerala 685561","","","Yes","Yes"
"Mekedatu Sangama View Point","Kerala 685561","","","Yes","Yes"
"Yercaud","Kerala 685561","","","Yes","Yes"
"Kolli Hills Rd","Kerala 685561","","","Yes","Yes"
"Dzogchen Monastery","Kerala 685561","","","Yes","Yes"
"Muninagara Backwater Grasslands","Kerala 685561","","","Yes","Yes"
"Somanathapura","Kerala 685561","","","Yes","Yes"
"Heraganahalli reservoir ಹೆರಗನಹಳ್ಳಿ ಕಿರು ಅಣೆಕಟ್ಟು","Kerala 685561","","","Yes","Yes"
"Doddabetta Ooty Highest Point","Kerala 685561","","","Yes","Yes"
"Sunset view point","Kerala 685561","","","Yes","Yes"
"Lamb's Rock Tea Garden View Point","Kerala 685561","","","Yes","Yes"
"PATALESHWARA SWAMY TEMPLE","Kerala 685561","","","Yes","Yes"
"Ramadevarabetta","Kerala 685561","","","Yes","Yes"
"Agumbe","Kerala 685561","","","Yes","Yes"
"Annanagar View Point","Kerala 685561","","","Yes","Yes"
"Lepakshi Main temple","Kerala 685561","","","Yes","Yes"
"Haunted office","Kerala 685561","","","Yes","Yes"
"Sharavathi Valley Viewpoint","Kerala 685561","","","Yes","Yes"
"Varanga Lake Jain Temple","Kerala 685561","","","Yes","Yes"
"Krishnagiri","Kerala 685561","","","Yes","Yes"
"Dodda Aalada Mara","Kerala 685561","","","Yes","Yes"
"Gaganachukki Falls Viewpoint","Kerala 685561","","","Yes","Yes"
"Gudibande Fort","Kerala 685561","","","Yes","Yes"
"Hogenakkal Water Falls","Kerala 685561","","","Yes","Yes"
"Huttaridurga Sunrise Point","Kerala 685561","","","Yes","Yes"
"Gudibande Kere Viewpoint","Kerala 685561","","","Yes","Yes"
"Bhairasagara lake","Kerala 685561","","","Yes","Yes"
"Avalabetta Top View","Kerala 685561","","","Yes","Yes"
"Avani Temple","Kerala 685561","","","Yes","Yes"
"Bharachukki Waterfalls","Kerala 685561","","","Yes","Yes"
"Avani Betta Trek Start Point","Kerala 685561","","","Yes","Yes"
"BR Hills Temple Valley Viewpoint","Kerala 685561","","","Yes","Yes"
"Avathi Lake","Kerala 685561","","","Yes","Yes"
"Adiyogi - The Source of Yoga","Kerala 685561","","","Yes","Yes"
"Basavana Betta Forest","Kerala 685561","","","Yes","Yes"
"Shri Dakshina Kashi Vishwanatha Swamy Temple (Antaragange)","Kerala 685561","","","Yes","Yes"
"Chitravathi River Reservoir","Kerala 685561","","","Yes","Yes"
"Mydala Kere","Kerala 685561","","","Yes","Yes"
"Yana Caves","Kerala 685561","","","Yes","Yes"
"Sandhan Valley","Kerala 685561","","","Yes","Yes"
"Belum Caves","Kerala 685561","","","Yes","Yes"
"Srinivasa Sagara Reservoir","Kerala 685561","","","Yes","Yes"
"Gandikota","Kerala 685561","","","Yes","Yes"
"Cauvery South wildlife sanctuary","Kerala 685561","","","Yes","Yes"
"Surlabbi Waterfalls","Kerala 685561","","","Yes","Yes"
"Skandagiri Hills","Kerala 685561","","","Yes","Yes"
"Alamparai Fort","Kerala 685561","","","Yes","Yes"
"LAKE(KUTTAI) MALAIYUR","Kerala 685561","","","Yes","Yes"
"K Gudi.","Kerala 685561","","","Yes","Yes"
"Shri Shankareshwara Bettada Gudi, Modur","Kerala 685561","","","Yes","Yes"
"Manchanabele Dam","Kerala 685561","","","Yes","Yes"
"Kethanahalli Falls","Kerala 685561","","","Yes","Yes"
"Bikkanapalli Falls","Kerala 685561","","","Yes","Yes"
"Vannama Lake","Kerala 685561","","","Yes","Yes"
"Hesaragatta Grassland","Kerala 685561","","","Yes","Yes"
"Hesaraghatta Grass Farm","Kerala 685561","","","Yes","Yes"
"Hesaraghatta Lake","Kerala 685561","","","Yes","Yes"
"Basadibetta Shri Pinchi Basadi","Kerala 685561","","","Yes","Yes"
"Mandaragiri Hill","Kerala 685561","","","Yes","Yes"
"Kunagalu Betta","Kerala 685561","","","Yes","Yes"
"Ambaji Durga","Kerala 685561","","","Yes","Yes"
"Ambajidurga Kere ಅಂಬಾಜಿದುರ್ಗ ಕೆರೆ","Kerala 685561","","","Yes","Yes"
"Kailasagiri off road riding trail","Kerala 685561","","","Yes","Yes"
"Kailasagiri Hill","Kerala 685561","","","Yes","Yes"
"Seege Gudda","Kerala 685561","","","Yes","Yes"
"Cauvery North Wildlife Sanctuary","Kerala 685561","","","Yes","Yes"
"Horsley Hills","Kerala 685561","","","Yes","Yes"
"DD Hills","Kerala 685561","","","Yes","Yes"
"Pre Historic Site","Kerala 685561","","","Yes","Yes"
"Kodakarai village wildlife","Kerala 685561","","","Yes","Yes"
"Kanva Reservoir","Kerala 685561","","","Yes","Yes"
"Idukki Airstrip","Kerala 685561","","","Yes","Yes"
"Timmappana Betta","Kerala 685561","","","Yes","Yes"
"Kotagiri","Kerala 685561","","","Yes","Yes"
"Kinnakorai Viewpoint","Kerala 685561","","","Yes","Yes"
"Koodlutheertha Falls","Kerala 685561","","","Yes","Yes"
"Avalanche Road Viewpoint","Kerala 685561","","","Yes","Yes"
"Manjoor","Kerala 685561","","","Yes","Yes"
"Upper Bhavani Lake View Point","Kerala 685561","","","Yes","Yes"
"Kinnakorai","Kerala 685561","","","Yes","Yes"
"Kodanad View Point","Kerala 685561","","","Yes","Yes"
"Narasimhaghada-Jamalabad Fort-Gadayikal","Kerala 685561","","","Yes","Yes"
"Kalpavalli view point","Kerala 685561","","","Yes","Yes"
"Penukonda Fort","Kerala 685561","","","Yes","Yes"
"Kaurava Kunda","Kerala 685561","","","Yes","Yes"
"Mavanuru Shri Bettada Malleshwara Gudi","Kerala 685561","","","Yes","Yes"
"Shivanasamudra","Kerala 685561","","","Yes","Yes"
"Shri Bettada Gaviranga Swamy Temple","Kerala 685561","","","Yes","Yes"
"Gopalaswamy Hills Check Post","Kerala 685561","","","Yes","Yes"
"Deepambudhi Kere Viewpoint","Kerala 685561","","","Yes","Yes"
"Heligehalli water channel","Kerala 685561","","","Yes","Yes"
"Uttari Betta","Kerala 685561","","","Yes","Yes"
"Needle Rock View Point","Kerala 685561","","","Yes","Yes"
"Arulmigu Madheswara Swamy Kovil","Kerala 685561","","","Yes","Yes"
"Kothakuriki Waterfalls","Kerala 685561","","","Yes","Yes"
"Talakona Waterfall","Kerala 685561","","","Yes","Yes"
"Mallappa Hill's Top","Kerala 685561","","","Yes","Yes"
"Biligundla Fishing and Boating spot","Kerala 685561","","","Yes","Yes"
"Shri Panchamukhi Ganesha Temple","Kerala 685561","","","Yes","Yes"
"JCB Telescope","Kerala 685561","","","Yes","Yes"
"Bhagamandala","Kerala 685561","","","Yes","Yes"
"Chelavara Water Falls","Kerala 685561","","","Yes","Yes"
"Shree Omkareshwara Temple, Madikeri","Kerala 685561","","","Yes","Yes"
"Madikeri Fort","Kerala 685561","","","Yes","Yes"
"Kote Abbe Falls","Kerala 685561","","","Yes","Yes"
"Iruppu Falls","Kerala 685561","","","Yes","Yes"
"Iruppu Hiking Area","Kerala 685561","","","Yes","Yes"
"Kote Betta","Kerala 685561","","","Yes","Yes"
"Jhari Waterfall","Kerala 685561","","","Yes","Yes"
"Mullayyanagiri Betta","Kerala 685561","","","Yes","Yes"
"Manikya Dhara Falls","Kerala 685561","","","Yes","Yes"
"Honnammana Halla Falls","Kerala 685561","","","Yes","Yes"
"Hirekolale lake","Kerala 685561","","","Yes","Yes"
"Z Point Trekking Peak","Kerala 685561","","","Yes","Yes"
"Kallathigiri Falls","Kerala 685561","","","Yes","Yes"
"Baba Budangiri Peak","Kerala 685561","","","Yes","Yes"
"Adhishakthyathmaka Shri Annapurneshwari Devi Temple - (Horanadu)","Kerala 685561","","","Yes","Yes"
"Kudremukha Peak","Kerala 685561","","","Yes","Yes"
"Shri Shankara Matha - Chikkamagaluru Branch","Kerala 685561","","","Yes","Yes"
"Hebbe Waterfalls","Kerala 685561","","","Yes","Yes"
"Mullayanagiri Peak","Kerala 685561","","","Yes","Yes"
"Kodige Falls","Kerala 685561","","","Yes","Yes"
"Shri Gangadhareshwara Gudi Betta","Kerala 685561","","","Yes","Yes"
"Eradu Betta Sunset Viewpoint","Kerala 685561","","","Yes","Yes"
"Shri Muneshwara Betta","Kerala 685561","","","Yes","Yes"
"Payyoli","Kerala 685561","","","Yes","Yes"
"Bandaje Falls","Kerala 685561","","","Yes","Yes"
"Dandeli","Kerala 685561","","","Yes","Yes"
"Kyatanamakki Gudda View","Kerala 685561","","","Yes","Yes"
"Gavi Betta","Kerala 685561","","","Yes","Yes"
"Achalu betta ಅಚಲು ಬೆಟ್ಟ","Kerala 685561","","","Yes","Yes"
"Savandurga Hill","Kerala 685561","","","Yes","Yes"
"Miramar Beach","Kerala 685561","","","Yes","Yes"
"Calangute Beach, Goa","Kerala 685561","","","Yes","Yes"
"Arambol Calm Beach","Kerala 685561","","","Yes","Yes"
"Arambol Beach","Kerala 685561","","","Yes","Yes"
"Palolem Beach, GOA","Kerala 685561","","","Yes","Yes"
"Galgibaga Beach","Kerala 685561","","","Yes","Yes"
"Butterfly Beach","Kerala 685561","","","Yes","Yes"
"Cabo de Rama Beach","Kerala 685561","","","Yes","Yes"
"Cola beach","Kerala 685561","","","Yes","Yes"
"Cola Beach Lagoon","Kerala 685561","","","Yes","Yes"
"Betul Beach","Kerala 685561","","","Yes","Yes"
"Kakolem Beach","Kerala 685561","","","Yes","Yes"
"Betul Fort","Kerala 685561","","","Yes","Yes"
"Netravali Wildlife Sanctuary","Kerala 685561","","","Yes","Yes"
"Bhupar Waterfalls","Kerala 685561","","","Yes","Yes"
"Reis Magos Fort","Kerala 685561","","","Yes","Yes"
"Sweet Lake","Kerala 685561","","","Yes","Yes"
"Bamanbudo Waterfall","Kerala 685561","","","Yes","Yes"
"Sadolxem Bridge","Kerala 685561","","","Yes","Yes"
"Palolem Beach","Kerala 685561","","","Yes","Yes"
"Shree Mangesh temple","Kerala 685561","","","Yes","Yes"
"Dudhsagar Falls","Kerala 685561","","","Yes","Yes"
"Basilica of Bom Jesus","Kerala 685561","","","Yes","Yes"
"Cabo de Rama Fort","Kerala 685561","","","Yes","Yes"
"Mae De Deus Church","Kerala 685561","","","Yes","Yes"
"Se Cathedral","Kerala 685561","","","Yes","Yes"
"Harvalem Waterfalls","Kerala 685561","","","Yes","Yes"
"Dona Paula Beach","Kerala 685561","","","Yes","Yes"
"Coco Beach","Kerala 685561","","","Yes","Yes"
"Vagator Beach","Kerala 685561","","","Yes","Yes"
"Anjuna Beach","Kerala 685561","","","Yes","Yes"
"Baga Beach","Kerala 685561","","","Yes","Yes"
"Calangute Beach","Kerala 685561","","","Yes","Yes"
"Shettihalli Church","Kerala 685561","","","Yes","Yes"
"Yelagiri","Kerala 685561","","","Yes","Yes"
"Talakad","Kerala 685561","","","Yes","Yes"
"B.R.Hills","Kerala 685561","","","Yes","Yes"
"Tala Kaveri","Kerala 685561","","","Yes","Yes"
"Mandalpatti","Kerala 685561","","","Yes","Yes"
"Nandi Betta (Karnataka)","Kerala 685561","","","Yes","Yes"